component,weight,mean_log10_eta,sigma_log10_eta
left_low_eta,0.3382342361190567,-6.723973270313435,1.074910932724189
right_high_eta,0.6617657638809433,-4.309347196482244,0.6787092488344466
