components,bic,aic
1,95960.51511471045,95944.09552453223
2,89482.78704736332,89441.73807191777
3,89258.29827965697,89192.61991894408
