component,weight,mean_log10_eta,sigma_log10_eta
left_low_eta,0.33120668912693585,-6.505559190927031,1.0259825735887775
right_high_eta,0.6687933108730642,-4.275106434821911,0.6557415068168078
