components,bic,aic
1,420630.17590378167,420610.7190882946
2,393395.08487815113,393346.44283943344
3,392158.11188887275,392080.28462692443
