{
  "aftershock_24h": {
    "prevalence": 0.3184051144010767,
    "positives": 9463,
    "count": 29720,
    "no_skill_brier": 0.21702329752431399,
    "families": {
      "xgboost": {
        "brier": 0.05643344951960903,
        "brier_ci95": [
          0.05473227466137138,
          0.05820942057421183
        ],
        "ece": 0.04385509234481831,
        "roc_auc": 0.972714277353403,
        "average_precision": 0.9484376563604086,
        "recall_at_0_5": 0.923597167917151,
        "precision_at_0_5": 0.8548513302034428,
        "brier_edge_over_noskill": 0.16058984800470494,
        "calibrated_brier": 0.05423338767002306,
        "calibrated_ece": 0.002124775060767292
      },
      "lightgbm": {
        "brier": 0.05549879955386648,
        "brier_ci95": [
          0.053918041773844294,
          0.057130062247298774
        ],
        "ece": 0.04853803544379947,
        "roc_auc": 0.9751842240503412,
        "average_precision": 0.9551392353175246,
        "recall_at_0_5": 0.8520553735601818,
        "precision_at_0_5": 0.9104561878952123,
        "brier_edge_over_noskill": 0.1615244979704475,
        "calibrated_brier": 0.0522846255947008,
        "calibrated_ece": 0.0034224736735797554
      },
      "random_forest": {
        "brier": 0.09087950745870715,
        "brier_ci95": [
          0.08845733514087721,
          0.09346246397253535
        ],
        "ece": 0.10159178607634749,
        "roc_auc": 0.9627620383994029,
        "average_precision": 0.9384616699692014,
        "recall_at_0_5": 0.6205220331818662,
        "precision_at_0_5": 0.97250745279894,
        "brier_edge_over_noskill": 0.12614379006560683,
        "calibrated_brier": 0.05502157975197438,
        "calibrated_ece": 0.003262020643390081
      }
    },
    "rank_by_brier": [
      "lightgbm",
      "xgboost",
      "random_forest"
    ],
    "rank_by_calibrated_brier": [
      "lightgbm",
      "xgboost",
      "random_forest"
    ],
    "rank_by_auc": [
      "lightgbm",
      "xgboost",
      "random_forest"
    ],
    "brier_top2": [
      "lightgbm",
      "xgboost"
    ],
    "brier_top2_diff_mean": -0.0009334768434134848,
    "brier_top2_diff_ci95": [
      -0.0016697660406584849,
      -0.00020173429266607477
    ],
    "brier_winner_significant": true,
    "current_pick": "xgboost"
  },
  "aftershock_dist_0_10km_24h": {
    "prevalence": 0.2582772543741588,
    "positives": 7676,
    "count": 29720,
    "no_skill_brier": 0.19157011424710488,
    "families": {
      "xgboost": {
        "brier": 0.07910588596986493,
        "brier_ci95": [
          0.07705304736951478,
          0.08142518566963704
        ],
        "ece": 0.08371465733395167,
        "roc_auc": 0.9666775011491064,
        "average_precision": 0.9222501556997428,
        "recall_at_0_5": 0.5997915581031787,
        "precision_at_0_5": 0.9444102564102564,
        "brier_edge_over_noskill": 0.11246422827723995,
        "calibrated_brier": 0.05832253036998798,
        "calibrated_ece": 0.0026492496505102297
      },
      "lightgbm": {
        "brier": 0.08916147623048218,
        "brier_ci95": [
          0.08697304058784226,
          0.09172553210879764
        ],
        "ece": 0.09789793347171728,
        "roc_auc": 0.9645825715568721,
        "average_precision": 0.9193793416095347,
        "recall_at_0_5": 0.5336112558624283,
        "precision_at_0_5": 0.9592505854800937,
        "brier_edge_over_noskill": 0.1024086380166227,
        "calibrated_brier": 0.06002975259859405,
        "calibrated_ece": 0.0029105998660223114
      },
      "random_forest": {
        "brier": 0.1105026099928507,
        "brier_ci95": [
          0.10799619153950206,
          0.11328113176880372
        ],
        "ece": 0.11690405152947853,
        "roc_auc": 0.9550567194286399,
        "average_precision": 0.8875579882246398,
        "recall_at_0_5": 0.3504429390307452,
        "precision_at_0_5": 0.9651955507714388,
        "brier_edge_over_noskill": 0.08106750425425417,
        "calibrated_brier": 0.06441310780365893,
        "calibrated_ece": 0.0008647319656669141
      }
    },
    "rank_by_brier": [
      "xgboost",
      "lightgbm",
      "random_forest"
    ],
    "rank_by_calibrated_brier": [
      "xgboost",
      "lightgbm",
      "random_forest"
    ],
    "rank_by_auc": [
      "xgboost",
      "lightgbm",
      "random_forest"
    ],
    "brier_top2": [
      "xgboost",
      "lightgbm"
    ],
    "brier_top2_diff_mean": -0.010060155480935688,
    "brier_top2_diff_ci95": [
      -0.010821071286711262,
      -0.009311247238144865
    ],
    "brier_winner_significant": true,
    "current_pick": "xgboost"
  },
  "aftershock_dist_10_25km_24h": {
    "prevalence": 0.25740242261103635,
    "positives": 7650,
    "count": 29720,
    "no_skill_brier": 0.1911464154450058,
    "families": {
      "xgboost": {
        "brier": 0.085128462455705,
        "brier_ci95": [
          0.08300119489753212,
          0.08727968599391203
        ],
        "ece": 0.0934615729308025,
        "roc_auc": 0.9715275341974882,
        "average_precision": 0.9183591876944353,
        "recall_at_0_5": 0.4956862745098039,
        "precision_at_0_5": 0.9402429952888669,
        "brier_edge_over_noskill": 0.10601795298930079,
        "calibrated_brier": 0.05641119911873157,
        "calibrated_ece": 0.002953968800318226
      },
      "lightgbm": {
        "brier": 0.0565141462175031,
        "brier_ci95": [
          0.05498856011610696,
          0.058035346903163955
        ],
        "ece": 0.0543643227378909,
        "roc_auc": 0.9772026439937098,
        "average_precision": 0.9370814263392072,
        "recall_at_0_5": 0.7837908496732026,
        "precision_at_0_5": 0.9071104387291982,
        "brier_edge_over_noskill": 0.1346322692275027,
        "calibrated_brier": 0.050067993996722876,
        "calibrated_ece": 0.002134544610762744
      },
      "random_forest": {
        "brier": 0.1562970799018835,
        "brier_ci95": [
          0.15298369188551175,
          0.15974323386924913
        ],
        "ece": 0.16378292611421225,
        "roc_auc": 0.9578398144939898,
        "average_precision": 0.868500069694032,
        "recall_at_0_5": 0.22705882352941176,
        "precision_at_0_5": 0.9575523704520397,
        "brier_edge_over_noskill": 0.034849335543122306,
        "calibrated_brier": 0.06148567034109171,
        "calibrated_ece": 0.005121436576172459
      }
    },
    "rank_by_brier": [
      "lightgbm",
      "xgboost",
      "random_forest"
    ],
    "rank_by_calibrated_brier": [
      "lightgbm",
      "xgboost",
      "random_forest"
    ],
    "rank_by_auc": [
      "lightgbm",
      "xgboost",
      "random_forest"
    ],
    "brier_top2": [
      "lightgbm",
      "xgboost"
    ],
    "brier_top2_diff_mean": -0.02861538881667234,
    "brier_top2_diff_ci95": [
      -0.029833563285677843,
      -0.02738566926200667
    ],
    "brier_winner_significant": true,
    "current_pick": "lightgbm"
  },
  "aftershock_dist_25_50km_24h": {
    "prevalence": 0.2284320323014805,
    "positives": 6789,
    "count": 29720,
    "no_skill_brier": 0.17625083892009588,
    "families": {
      "xgboost": {
        "brier": 0.09937022249566545,
        "brier_ci95": [
          0.0966956079702107,
          0.10185471889168525
        ],
        "ece": 0.1066347879810804,
        "roc_auc": 0.9680511495484743,
        "average_precision": 0.8911620718157746,
        "recall_at_0_5": 0.35822654293710415,
        "precision_at_0_5": 0.9503712387651426,
        "brier_edge_over_noskill": 0.07688061642443043,
        "calibrated_brier": 0.0607139978448496,
        "calibrated_ece": 0.004517497633801362
      },
      "lightgbm": {
        "brier": 0.09361282139565456,
        "brier_ci95": [
          0.09121390230154293,
          0.09592696215979077
        ],
        "ece": 0.09384956000169292,
        "roc_auc": 0.9661554678187894,
        "average_precision": 0.8820095224109649,