{
  "selection_basis": "Held-out evaluation set -- classification: 5-fold OOF isotonic-calibrated Brier; regression: validation R^2 from metrics.json",
  "evaluation_rows": 18129,
  "classification": {
    "aftershock_24h": {
      "prevalence": 0.24888300512990236,
      "count": 18129,
      "pick": "xgboost",
      "families": {
        "xgboost": {
          "brier": 0.04461143595585777,
          "ece": 0.002884002050684706,
          "roc_auc": 0.9758168323309879,
          "average_precision": 0.9488372182370074
        },
        "lightgbm": {
          "brier": 0.04623393047441937,
          "ece": 0.003191722192522347,
          "roc_auc": 0.9736736730578226,
          "average_precision": 0.9441760661341475
        },
        "random_forest": {
          "brier": 0.047278056704061044,
          "ece": 0.0031212844505120346,
          "roc_auc": 0.971722367925575,
          "average_precision": 0.9365610008465639
        },
        "catboost": {
          "brier": 0.04495371710072269,
          "ece": 0.0030742660736764885,
          "roc_auc": 0.9758054146699188,
          "average_precision": 0.9489252969275266
        }
      }
    },
    "aftershock_dist_0_10km_24h": {
      "prevalence": 0.14959457223233494,
      "count": 18129,
      "pick": "catboost",
      "families": {
        "xgboost": {
          "brier": 0.055689625320627774,
          "ece": 0.0033359633020139195,
          "roc_auc": 0.9501984338822236,
          "average_precision": 0.8222532725438718
        },
        "lightgbm": {
          "brier": 0.056982457993418924,
          "ece": 0.0031431855102145023,
          "roc_auc": 0.9475263199284092,
          "average_precision": 0.8158781982166514
        },
        "random_forest": {
          "brier": 0.05747982540304412,
          "ece": 0.0028367879578638133,
          "roc_auc": 0.9461895394560232,
          "average_precision": 0.8020087402337284
        },
        "catboost": {
          "brier": 0.05529523152255794,
          "ece": 0.001611127896108293,
          "roc_auc": 0.9517900641421196,
          "average_precision": 0.8251083643371432
        }
      }
    },
    "aftershock_dist_10_25km_24h": {
      "prevalence": 0.17358927684924708,
      "count": 18129,
      "pick": "catboost",
      "families": {
        "xgboost": {
          "brier": 0.04115396791165225,
          "ece": 0.0028365060372281935,
          "roc_auc": 0.9776337897183006,
          "average_precision": 0.9162252963176877
        },
        "lightgbm": {
          "brier": 0.04383512103873435,
          "ece": 0.0027638250905569852,
          "roc_auc": 0.9754862067931365,
          "average_precision": 0.9055298644914874
        },
        "random_forest": {
          "brier": 0.04222225430467468,
          "ece": 0.0025021942555680074,
          "roc_auc": 0.9752337377461786,
          "average_precision": 0.8968095365981182
        },
        "catboost": {
          "brier": 0.04091998876309914,
          "ece": 0.003521993797026535,
          "roc_auc": 0.9783244394915674,
          "average_precision": 0.9169498736856928
        }
      }
    },
    "aftershock_dist_25_50km_24h": {
      "prevalence": 0.15847537095261735,
      "count": 18129,
      "pick": "catboost",
      "families": {
        "xgboost": {
          "brier": 0.03396941839135308,
          "ece": 0.0031748579231745456,
          "roc_auc": 0.9843478356891668,
          "average_precision": 0.9286732384728508
        },
        "lightgbm": {
          "brier": 0.03639196313222255,
          "ece": 0.002767520424722646,
          "roc_auc": 0.98237541868117,
          "average_precision": 0.9171797332293367
        },
        "random_forest": {
          "brier": 0.03717974497464935,
          "ece": 0.0027691833649765452,
          "roc_auc": 0.9805255305393816,
          "average_precision": 0.894346797845416
        },
        "catboost": {
          "brier": 0.03321091799873895,
          "ece": 0.0037127880730586666,
          "roc_auc": 0.9851986361639414,
          "average_precision": 0.9325827442787124
        }
      }
    },
    "aftershock_dist_50_100km_24h": {
      "prevalence": 0.13414970489271333,
      "count": 18129,
      "pick": "catboost",
      "families": {
        "xgboost": {
          "brier": 0.042783790234726234,
          "ece": 0.003363791363269325,
          "roc_auc": 0.9750968589371753,
          "average_precision": 0.8627525156869044
        },
        "lightgbm": {
          "brier": 0.04701683008183103,
          "ece": 0.003176052425850123,
          "roc_auc": 0.9690542427860838,
          "average_precision": 0.8436296210695176
        },
        "random_forest": {
          "brier": 0.03702117782993253,
          "ece": 0.002164774293007904,
          "roc_auc": 0.9801412459806266,
          "average_precision": 0.8734042202621919
        },
        "catboost": {
          "brier": 0.03346155017841302,
          "ece": 0.0030082947231865674,
          "roc_auc": 0.9839087799210712,
          "average_precision": 0.9076999529434898
        }
      }
    },
    "aftershock_dist_100_200km_24h": {
      "prevalence": 0.07446632467317557,
      "count": 18129,
      "pick": "random_forest",
      "families": {
        "xgboost": {
          "brier": 0.03116296186428396,
          "ece": 0.0016703132662422957,
          "roc_auc": 0.968400933265347,
          "average_precision": 0.7775727239855774
        },
        "lightgbm": {
          "brier": 0.03248563423136131,
          "ece": 0.0031718894394763748,
          "roc_auc": 0.9673074809119866,
          "average_precision": 0.7548097759968083
        },
        "random_forest": {
          "brier": 0.029128145243166696,
          "ece": 0.0013038108350861325,
          "roc_auc": 0.9723265413336335,
          "average_precision": 0.78794550904011
        },
        "catboost": {
          "brier": 0.031222282804130686,
          "ece": 0.0015638970004819264,
          "roc_auc": 0.9701558826840428,
          "average_precision": 0.7832019884227854
        }
      }
    },
    "aftershock_dist_200_pluskm_24h": {
      "prevalence": 0.027304319046831043,
      "count": 18129,
      "pick": "catboost",
      "families": {
        "xgboost": {
          "brier": 0.009771841995162468,
          "ece": 0.0012039051706196507,
          "roc_auc": 0.9735106537760502,
          "average_precision": 0.8036330624243928
        },
        "lightgbm": {
          "brier": 0.009466932410084426,
          "ece": 0.0022522743216720703,
          "roc_auc": 0.9758122222565911,
          "average_precision": 0.806818370720737
        },
        "random_forest": {
          "brier": 0.009208873394812743,
          "ece": 0.0011353000227401825,
          "roc_auc": 0.9766335809037408,
          "average_precision": 0.8087345714176178
        },
        "catboost": {
          "brier": 0.008713578887909412,
          "ece": 0.0013927731764199346,
          "roc_auc": 0.9767566787301392,
          "average_precision": 0.8309860649894774
        }
      }
    }
  },
  "regression": {
    "max_aftershock_mag_24h": {
      "pick": "xgboost",
      "families": {
        "xgboost": {
          "r2": 0.4547242893414063,
          "mae": 0.5834537548904724,
          "rmse": 0.7171760242734763
        },
        "lightgbm": {
          "r2": 0.44375460178821324,
          "mae": 0.587600751906139,
          "rmse": 0.7243540650016456
        },
        "random_forest": {
          "r2": 0.42133096152660143,
          "mae": 0.591293731878453,
          "rmse": 0.7388100750376291
        },
        "catboost": {
          "r2": 0.42812719803416066,
          "mae": 0.6014994781642868,
          "rmse": 0.7344587466708384
        }
      }
    },
    "max_aftershock_distance_km_24h": {
      "pick": "catboost",
      "families": {
        "xgboost": {
          "r2": 0.5696978204798837,
          "mae": 41.90145572664721,
          "rmse": 74.58910326250326
        },