{
  "aftershock_24h": {
    "prevalence": 0.3184051144010767,
    "pick_calibrated": "lightgbm",
    "families": {
      "xgboost": {
        "raw_brier": 0.05643344951960903,
        "calibrated_brier": 0.05588813536038515,
        "raw_ece": 0.04385509234481831,
        "calibrated_ece": 0.01848588862972666,
        "roc_auc": 0.972714277353403,
        "average_precision": 0.9484376563604086
      },
      "lightgbm": {
        "raw_brier": 0.05549879955386648,
        "calibrated_brier": 0.05356257082401033,
        "raw_ece": 0.04853803544379947,
        "calibrated_ece": 0.018312207137886477,
        "roc_auc": 0.9751842240503412,
        "average_precision": 0.9551392353175246
      },
      "random_forest": {
        "raw_brier": 0.09087950745870715,
        "calibrated_brier": 0.05569917623285494,
        "raw_ece": 0.10159178607634749,
        "calibrated_ece": 0.01923928406188483,
        "roc_auc": 0.9627620383994029,
        "average_precision": 0.9384616699692014
      }
    }
  },
  "aftershock_dist_0_10km_24h": {
    "prevalence": 0.2582772543741588,
    "pick_calibrated": "xgboost",
    "families": {
      "xgboost": {
        "raw_brier": 0.07910588596986493,
        "calibrated_brier": 0.06304650709563357,
        "raw_ece": 0.08371465733395167,
        "calibrated_ece": 0.03800361361193863,
        "roc_auc": 0.9666775011491064,
        "average_precision": 0.9222501556997428
      },
      "lightgbm": {
        "raw_brier": 0.08916147623048218,
        "calibrated_brier": 0.06306107298757803,
        "raw_ece": 0.09789793347171728,
        "calibrated_ece": 0.03025373463599471,
        "roc_auc": 0.9645825715568721,
        "average_precision": 0.9193793416095347
      },
      "random_forest": {
        "raw_brier": 0.1105026099928507,
        "calibrated_brier": 0.06898841440382895,
        "raw_ece": 0.11690405152947853,
        "calibrated_ece": 0.03852659872800371,
        "roc_auc": 0.9550567194286399,
        "average_precision": 0.8875579882246398
      }
    }
  },
  "aftershock_dist_10_25km_24h": {
    "prevalence": 0.25740242261103635,
    "pick_calibrated": "lightgbm",
    "families": {
      "xgboost": {
        "raw_brier": 0.085128462455705,
        "calibrated_brier": 0.06220153787572395,
        "raw_ece": 0.0934615729308025,
        "calibrated_ece": 0.040178149852608945,
        "roc_auc": 0.9715275341974882,
        "average_precision": 0.9183591876944353
      },
      "lightgbm": {
        "raw_brier": 0.0565141462175031,
        "calibrated_brier": 0.053985771316157616,
        "raw_ece": 0.0543643227378909,
        "calibrated_ece": 0.03019786518715115,
        "roc_auc": 0.9772026439937098,
        "average_precision": 0.9370814263392072
      },
      "random_forest": {
        "raw_brier": 0.1562970799018835,
        "calibrated_brier": 0.0703858803187556,
        "raw_ece": 0.16378292611421225,
        "calibrated_ece": 0.04758550281571764,
        "roc_auc": 0.9578398144939898,
        "average_precision": 0.868500069694032
      }
    }
  },
  "aftershock_dist_25_50km_24h": {
    "prevalence": 0.2284320323014805,
    "pick_calibrated": "random_forest",
    "families": {
      "xgboost": {
        "raw_brier": 0.09937022249566545,
        "calibrated_brier": 0.0656585235176717,
        "raw_ece": 0.1066347879810804,
        "calibrated_ece": 0.036777871597928474,
        "roc_auc": 0.9680511495484743,
        "average_precision": 0.8911620718157746
      },
      "lightgbm": {
        "raw_brier": 0.09361282139565456,
        "calibrated_brier": 0.07126723080442873,
        "raw_ece": 0.09384956000169292,
        "calibrated_ece": 0.04948202492075686,
        "roc_auc": 0.9661554678187894,
        "average_precision": 0.8820095224109649
      },
      "random_forest": {
        "raw_brier": 0.12146999320420049,
        "calibrated_brier": 0.045821815458165736,
        "raw_ece": 0.14069716182031336,
        "calibrated_ece": 0.025863738792071635,
        "roc_auc": 0.9719646814048426,
        "average_precision": 0.9215739070695621
      }
    }
  },
  "aftershock_dist_50_100km_24h": {
    "prevalence": 0.15080753701211305,
    "pick_calibrated": "lightgbm",
    "families": {
      "xgboost": {
        "raw_brier": 0.05417120808285773,
        "calibrated_brier": 0.05319178031557758,
        "raw_ece": 0.036010383961372815,
        "calibrated_ece": 0.01778725961872089,
        "roc_auc": 0.9665706702447054,
        "average_precision": 0.8439341453135688
      },
      "lightgbm": {
        "raw_brier": 0.052114516401023894,
        "calibrated_brier": 0.049992098941037365,
        "raw_ece": 0.029818482097037715,
        "calibrated_ece": 0.01838465736429215,
        "roc_auc": 0.9675526957483455,
        "average_precision": 0.8640036530041777
      },
      "random_forest": {
        "raw_brier": 0.06799110355770767,
        "calibrated_brier": 0.053541605901322946,
        "raw_ece": 0.07170365394571465,
        "calibrated_ece": 0.03900520933268177,
        "roc_auc": 0.9603920255252107,
        "average_precision": 0.827716542930051
      }
    }
  },
  "aftershock_dist_100_200km_24h": {
    "prevalence": 0.0797442799461642,
    "pick_calibrated": "random_forest",
    "families": {
      "xgboost": {
        "raw_brier": 0.03416909991873365,
        "calibrated_brier": 0.03640144591088539,
        "raw_ece": 0.013699114892196499,
        "calibrated_ece": 0.02174971587587093,
        "roc_auc": 0.9650504014995488,
        "average_precision": 0.7821093186471045
      },
      "lightgbm": {
        "raw_brier": 0.04650993758378146,
        "calibrated_brier": 0.03697187532455247,
        "raw_ece": 0.10325448261258763,
        "calibrated_ece": 0.01594268416074702,
        "roc_auc": 0.9656875940110616,
        "average_precision": 0.7629355912223741
      },
      "random_forest": {
        "raw_brier": 0.03958352563465343,
        "calibrated_brier": 0.0338549407987041,
        "raw_ece": 0.038182690713716244,
        "calibrated_ece": 0.03438076710314632,
        "roc_auc": 0.9626588526600792,
        "average_precision": 0.765773862335351
      }
    }
  },
  "aftershock_dist_200_pluskm_24h": {
    "prevalence": 0.06032974427994616,
    "pick_calibrated": "lightgbm",
    "families": {
      "xgboost": {
        "raw_brier": 0.029038129408443497,
        "calibrated_brier": 0.029484647732960823,
        "raw_ece": 0.01595528465524145,
        "calibrated_ece": 0.022541880419341572,
        "roc_auc": 0.9606008502247843,
        "average_precision": 0.7409250790752839
      },
      "lightgbm": {
        "raw_brier": 0.030145709258918147,
        "calibrated_brier": 0.028418115080728876,
        "raw_ece": 0.02702201482899556,
        "calibrated_ece": 0.0200717798791545,
        "roc_auc": 0.9609387561320087,
        "average_precision": 0.7457128833524185
      },
      "random_forest": {
        "raw_brier": 0.03224847366674175,
        "calibrated_brier": 0.030834756915109385,
        "raw_ece": 0.044509689126436824,
        "calibrated_ece": 0.02103880976174623,
        "roc_auc": 0.9500719058578166,
        "average_precision": 0.6727840813443154
      }
    }
  }
}