{
  "selection_basis": "Held-out evaluation set -- classification: 5-fold OOF isotonic-calibrated Brier; regression: validation R^2 from metrics.json",
  "evaluation_rows": 18129,
  "classification": {
    "aftershock_24h": {
      "prevalence": 0.24888300512990236,
      "count": 18129,
      "pick": "xgboost",
      "families": {
        "xgboost": {
          "brier": 0.04461143595585777,
          "ece": 0.002884002050684706,
          "roc_auc": 0.9758168323309879,
          "average_precision": 0.9488372182370074
        },
        "lightgbm": {
          "brier": 0.04623393047441937,
          "ece": 0.003191722192522347,
          "roc_auc": 0.9736736730578226,
          "average_precision": 0.9441760661341475
        },
        "random_forest": {
          "brier": 0.047278056704061044,
          "ece": 0.0031212844505120393,
          "roc_auc": 0.9717199265155103,
          "average_precision": 0.9365609560683443
        }
      }
    },
    "aftershock_dist_0_10km_24h": {
      "prevalence": 0.14959457223233494,
      "count": 18129,
      "pick": "xgboost",
      "families": {
        "xgboost": {
          "brier": 0.055689625320627774,
          "ece": 0.0033359633020139195,
          "roc_auc": 0.9501984338822236,
          "average_precision": 0.8222532725438718
        },
        "lightgbm": {
          "brier": 0.056982457993418924,
          "ece": 0.0031431855102145023,
          "roc_auc": 0.9475263199284092,
          "average_precision": 0.8158781982166514
        },
        "random_forest": {
          "brier": 0.0574798254030441,
          "ece": 0.0028367879578638264,
          "roc_auc": 0.9461895274974202,
          "average_precision": 0.802003520604074
        }
      }
    },
    "aftershock_dist_10_25km_24h": {
      "prevalence": 0.17358927684924708,
      "count": 18129,
      "pick": "xgboost",
      "families": {
        "xgboost": {
          "brier": 0.04115396791165225,
          "ece": 0.0028365060372281935,
          "roc_auc": 0.9776337897183006,
          "average_precision": 0.9162252963176877
        },
        "lightgbm": {
          "brier": 0.04383512103873435,
          "ece": 0.0027638250905569852,
          "roc_auc": 0.9754862067931365,
          "average_precision": 0.9055298644914874
        },
        "random_forest": {
          "brier": 0.04222225430467472,
          "ece": 0.0025021942555680616,
          "roc_auc": 0.9752333453676877,
          "average_precision": 0.8968120206522945
        }
      }
    },
    "aftershock_dist_25_50km_24h": {
      "prevalence": 0.15847537095261735,
      "count": 18129,
      "pick": "xgboost",
      "families": {
        "xgboost": {
          "brier": 0.03396941839135308,
          "ece": 0.0031748579231745456,
          "roc_auc": 0.9843478356891668,
          "average_precision": 0.9286732384728508
        },
        "lightgbm": {
          "brier": 0.03639196313222255,
          "ece": 0.002767520424722646,
          "roc_auc": 0.98237541868117,
          "average_precision": 0.9171797332293367
        },
        "random_forest": {
          "brier": 0.037179744974649355,
          "ece": 0.00276918336497655,
          "roc_auc": 0.9805224618991237,
          "average_precision": 0.8943452535869792
        }
      }
    },
    "aftershock_dist_50_100km_24h": {
      "prevalence": 0.13414970489271333,
      "count": 18129,
      "pick": "random_forest",
      "families": {
        "xgboost": {
          "brier": 0.042783790234726234,
          "ece": 0.003363791363269325,
          "roc_auc": 0.9750968589371753,
          "average_precision": 0.8627525156869044
        },
        "lightgbm": {
          "brier": 0.04701683008183103,
          "ece": 0.003176052425850123,
          "roc_auc": 0.9690542427860838,
          "average_precision": 0.8436296210695176
        },
        "random_forest": {
          "brier": 0.03702117782993253,
          "ece": 0.002164774293007909,
          "roc_auc": 0.9801396611781332,
          "average_precision": 0.8733960159771836
        }
      }
    },
    "aftershock_dist_100_200km_24h": {
      "prevalence": 0.07446632467317557,
      "count": 18129,
      "pick": "random_forest",
      "families": {
        "xgboost": {
          "brier": 0.03116296186428396,
          "ece": 0.0016703132662422957,
          "roc_auc": 0.968400933265347,
          "average_precision": 0.7775727239855774
        },
        "lightgbm": {
          "brier": 0.03248563423136131,
          "ece": 0.0031718894394763748,
          "roc_auc": 0.9673074809119866,
          "average_precision": 0.7548097759968083
        },
        "random_forest": {
          "brier": 0.029128145243166696,
          "ece": 0.0013038108350861266,
          "roc_auc": 0.972326475113292,
          "average_precision": 0.78794550904011
        }
      }
    },
    "aftershock_dist_200_pluskm_24h": {
      "prevalence": 0.027304319046831043,
      "count": 18129,
      "pick": "random_forest",
      "families": {
        "xgboost": {
          "brier": 0.009771841995162468,
          "ece": 0.0012039051706196507,
          "roc_auc": 0.9735106537760502,
          "average_precision": 0.8036330624243928
        },
        "lightgbm": {
          "brier": 0.009466932410084426,
          "ece": 0.0022522743216720703,
          "roc_auc": 0.9758122222565911,
          "average_precision": 0.806818370720737
        },
        "random_forest": {
          "brier": 0.009208873394812746,
          "ece": 0.0011353000227401911,
          "roc_auc": 0.9766330080892858,
          "average_precision": 0.808718663244488
        }
      }
    }
  },
  "regression": {
    "max_aftershock_mag_24h": {
      "pick": "xgboost",
      "families": {
        "xgboost": {
          "r2": 0.4547242893414063,
          "mae": 0.5834537548904724,
          "rmse": 0.7171760242734763
        },
        "lightgbm": {
          "r2": 0.44375460178821324,
          "mae": 0.587600751906139,
          "rmse": 0.7243540650016456
        },
        "random_forest": {
          "r2": 0.42133096152660143,
          "mae": 0.591293731878453,
          "rmse": 0.7388100750376291
        }
      }
    },
    "max_aftershock_distance_km_24h": {
      "pick": "random_forest",
      "families": {
        "xgboost": {
          "r2": 0.5696978204798837,
          "mae": 41.90145572664721,
          "rmse": 74.58910326250326
        },
        "lightgbm": {
          "r2": 0.5564311035503013,
          "mae": 42.91572165768168,
          "rmse": 75.73020905124592
        },
        "random_forest": {
          "r2": 0.5706412851574103,
          "mae": 40.636513379489976,
          "rmse": 74.50728773400137
        }
      }
    }
  },
  "hybrid_model_mapping": {
    "aftershock_24h": "xgboost",
    "aftershock_dist_0_10km_24h": "xgboost",
    "aftershock_dist_10_25km_24h": "xgboost",
    "aftershock_dist_25_50km_24h": "xgboost",
    "aftershock_dist_50_100km_24h": "random_forest",
    "aftershock_dist_100_200km_24h": "random_forest",
    "aftershock_dist_200_pluskm_24h": "random_forest",
    "max_aftershock_mag_24h": "xgboost",
    "max_aftershock_distance_km_24h": "random_forest"
  }
}