component,weight,mean_log10_eta,sigma_log10_eta
left_low_eta,0.33281835332743326,-6.506585298331288,1.0259943992643872
right_high_eta,0.6671816466725667,-4.274225843103074,0.6559114168298761
