components,bic,aic
1,406373.70727224514,406354.3213667947
2,380175.9887929891,380127.52402936306
3,378975.93286038324,378898.3892385815
