component,weight,mean_log10_eta,sigma_log10_eta
left_low_eta,0.3376393461892115,-6.687762181051489,1.0871983530288816
right_high_eta,0.6623606538107886,-4.371914019159432,0.6227144758267821
