components,bic,aic
1,576113.2355719238,576093.1877297752
2,529434.2544826414,529384.1348772699
3,527353.1158339644,527272.9244653701
