components,bic,aic
1,972599.297905825,972578.2844257399
2,869094.9363057602,869042.4026055475
3,864944.5424345229,864860.4885141826
