component,weight,mean_log10_eta,sigma_log10_eta
left_low_eta,0.28756594210185754,-7.13882612182942,1.1676522372661915
right_high_eta,0.7124340578981424,-4.474689058984429,0.6455132359646135
