components,bic,aic
1,328645.4398135056,328626.48907557316
2,307090.8503191185,307043.47347428725
3,306217.36735596065,306141.5644042307
