component,weight,mean_log10_eta,sigma_log10_eta
left_low_eta,0.33484610519006147,-6.523346501363692,1.037341007273453
right_high_eta,0.6651538948099386,-4.271379147203084,0.6554082484582303
