component,weight,mean_log10_eta,sigma_log10_eta
left_low_eta,0.33338647107270375,-6.511461367429138,1.0248852699866717
right_high_eta,0.6666135289272963,-4.274542401091275,0.6560300260032871
