components,bic,aic
1,415017.00271703076,414997.5764612928
2,388229.328373368,388180.7627340231
3,387017.5616808535,386939.8566579016
