{
  "config": {
    "model_family": "seis_hybrid_ensemble",
    "labeled_csv": "src\\training_set\\training_dataset_mc_1_0.csv",
    "historical_csv": "dataset\\phivolcs_earthquake_2018_2026.csv",
    "xgb_models_dir": "src\\outputs\\xgboost\\models_mc_1_0",
    "lgb_models_dir": "src\\outputs\\lightgbm\\models_mc_1_0",
    "rf_models_dir": "src\\outputs\\random-forest\\models_mc_1_0",
    "calibrators_dir": "src\\outputs\\seis\\calibration\\calibrators",
    "feature_columns": "src\\outputs\\lightgbm\\models_mc_1_0\\feature_columns.txt",
    "test_start_year": 2025,
    "max_events": 500,
    "sample_mode": "balanced",
    "sampled_rows": 500,
    "candidate_rows": 29720,
    "minimum_magnitude": 1.0
  },
  "metrics": {
    "classification": {
      "aftershock_24h": {
        "count": 500,
        "positive_rate": 0.5,
        "predicted_positive_rate_at_0_5": 0.452,
        "brier": 0.05362951340253138,
        "precision_at_0_5": 0.9690265486725663,
        "recall_at_0_5": 0.876,
        "roc_auc": 0.9844320000000001,
        "average_precision": 0.9849482632367131
      },
      "aftershock_dist_0_10km_24h": {
        "count": 500,
        "positive_rate": 0.404,
        "predicted_positive_rate_at_0_5": 0.356,
        "brier": 0.07846928616108827,
        "precision_at_0_5": 0.9044943820224719,
        "recall_at_0_5": 0.7970297029702971,
        "roc_auc": 0.962198484949166,
        "average_precision": 0.9460244905763961
      },
      "aftershock_dist_10_25km_24h": {
        "count": 500,
        "positive_rate": 0.4,
        "predicted_positive_rate_at_0_5": 0.4,
        "brier": 0.05272320608869872,
        "precision_at_0_5": 0.915,
        "recall_at_0_5": 0.915,
        "roc_auc": 0.9777333333333333,
        "average_precision": 0.9665300479559321
      },
      "aftershock_dist_25_50km_24h": {
        "count": 500,
        "positive_rate": 0.368,
        "predicted_positive_rate_at_0_5": 0.344,
        "brier": 0.04810068018374906,
        "precision_at_0_5": 0.9244186046511628,
        "recall_at_0_5": 0.8641304347826086,
        "roc_auc": 0.987737341772152,
        "average_precision": 0.9769773234644996
      },
      "aftershock_dist_50_100km_24h": {
        "count": 500,
        "positive_rate": 0.228,
        "predicted_positive_rate_at_0_5": 0.284,
        "brier": 0.10208884876723386,
        "precision_at_0_5": 0.6549295774647887,
        "recall_at_0_5": 0.8157894736842105,
        "roc_auc": 0.931540314516862,
        "average_precision": 0.7850519758028727
      },
      "aftershock_dist_100_200km_24h": {
        "count": 500,
        "positive_rate": 0.12,
        "predicted_positive_rate_at_0_5": 0.114,
        "brier": 0.05035826076346162,
        "precision_at_0_5": 0.7543859649122807,
        "recall_at_0_5": 0.7166666666666667,
        "roc_auc": 0.9592992424242425,
        "average_precision": 0.8429024368441588
      },
      "aftershock_dist_200_pluskm_24h": {
        "count": 500,
        "positive_rate": 0.086,
        "predicted_positive_rate_at_0_5": 0.048,
        "brier": 0.04052310308685261,
        "precision_at_0_5": 0.9166666666666666,
        "recall_at_0_5": 0.5116279069767442,
        "roc_auc": 0.888020965854155,
        "average_precision": 0.6797899530663436
      }
    },
    "regression": {
      "max_aftershock_mag_24h": {
        "count": 250,
        "mae": 0.5248452480316161,
        "rmse": 0.6741138787291391,
        "r2": 0.6553801481107471,
        "actual_mean": 3.86,
        "predicted_mean": 3.7795060234069826
      },
      "max_aftershock_distance_km_24h": {
        "count": 250,
        "mae": 74.54394217471753,
        "rmse": 115.46110433238404,
        "r2": 0.48459270642062047,
        "actual_mean": 112.88132314759117,
        "predicted_mean": 131.5914549896199
      }
    }
  }
}