{
  "config": {
    "model_family": "seis_hybrid_ensemble",
    "labeled_csv": "src\\training_set\\training_dataset_mc_1_0.csv",
    "historical_csv": "dataset\\phivolcs_earthquake_2018_2026.csv",
    "xgb_models_dir": "src\\outputs\\xgboost\\models_mc_1_0",
    "lgb_models_dir": "src\\outputs\\lightgbm\\models_mc_1_0",
    "rf_models_dir": "src\\outputs\\random-forest\\models_mc_1_0",
    "feature_columns": "src\\outputs\\lightgbm\\models_mc_1_0\\feature_columns.txt",
    "test_start_year": 2025,
    "max_events": 500,
    "sample_mode": "balanced",
    "sampled_rows": 500,
    "candidate_rows": 29720,
    "minimum_magnitude": 1.0
  },
  "metrics": {
    "classification": {
      "aftershock_24h": {
        "count": 500,
        "positive_rate": 0.5,
        "predicted_positive_rate_at_0_5": 0.506,
        "brier": 0.06936599279144683,
        "precision_at_0_5": 0.9090909090909091,
        "recall_at_0_5": 0.92,
        "roc_auc": 0.967264,
        "average_precision": 0.9606449358788215
      },
      "aftershock_dist_0_10km_24h": {
        "count": 500,
        "positive_rate": 0.404,
        "predicted_positive_rate_at_0_5": 0.234,
        "brier": 0.12785651465015538,
        "precision_at_0_5": 0.9487179487179487,
        "recall_at_0_5": 0.5495049504950495,
        "roc_auc": 0.9536514054089973,
        "average_precision": 0.9321264367052428
      },
      "aftershock_dist_10_25km_24h": {
        "count": 500,
        "positive_rate": 0.4,
        "predicted_positive_rate_at_0_5": 0.35,
        "brier": 0.08245751490702222,
        "precision_at_0_5": 0.9257142857142857,
        "recall_at_0_5": 0.81,
        "roc_auc": 0.9647083333333334,
        "average_precision": 0.9362743598936478
      },
      "aftershock_dist_25_50km_24h": {
        "count": 500,
        "positive_rate": 0.368,
        "predicted_positive_rate_at_0_5": 0.138,
        "brier": 0.1464047506075622,
        "precision_at_0_5": 0.9855072463768116,
        "recall_at_0_5": 0.3695652173913043,
        "roc_auc": 0.9616641441937259,
        "average_precision": 0.9280884818684793
      },
      "aftershock_dist_50_100km_24h": {
        "count": 500,
        "positive_rate": 0.228,
        "predicted_positive_rate_at_0_5": 0.162,
        "brier": 0.09814695845865527,
        "precision_at_0_5": 0.7037037037037037,
        "recall_at_0_5": 0.5,
        "roc_auc": 0.9146213980547222,
        "average_precision": 0.7562227994749936
      },
      "aftershock_dist_100_200km_24h": {
        "count": 500,
        "positive_rate": 0.12,
        "predicted_positive_rate_at_0_5": 0.068,
        "brier": 0.06456711827474416,
        "precision_at_0_5": 0.7647058823529411,
        "recall_at_0_5": 0.43333333333333335,
        "roc_auc": 0.9359090909090909,
        "average_precision": 0.6888175591572325
      },
      "aftershock_dist_200_pluskm_24h": {
        "count": 500,
        "positive_rate": 0.086,
        "predicted_positive_rate_at_0_5": 0.028,
        "brier": 0.05247756500183394,
        "precision_at_0_5": 0.9285714285714286,
        "recall_at_0_5": 0.3023255813953488,
        "roc_auc": 0.9065187522263498,
        "average_precision": 0.6517158812166746
      }
    },
    "regression": {
      "max_aftershock_mag_24h": {
        "count": 250,
        "mae": 0.6935071001322349,
        "rmse": 0.8685325375342856,
        "r2": 0.42793425896700754,
        "actual_mean": 3.86,
        "predicted_mean": 3.6136256900361032
      },
      "max_aftershock_distance_km_24h": {
        "count": 250,
        "mae": 81.78732228679225,
        "rmse": 121.48868576707395,
        "r2": 0.42937497489145693,
        "actual_mean": 112.88132314759117,
        "predicted_mean": 132.5779212887475
      }
    }
  }
}