{
  "config": {
    "model_family": "seis_hybrid_ensemble",
    "labeled_csv": "src\\training_set\\training_dataset_mc_1_0.csv",
    "historical_csv": "dataset\\phivolcs_earthquake_2018_2026.csv",
    "xgb_models_dir": "src\\outputs\\xgboost\\models_mc_1_0",
    "lgb_models_dir": "src\\outputs\\lightgbm\\models_mc_1_0",
    "rf_models_dir": "src\\outputs\\random-forest\\models_mc_1_0",
    "calibrators_dir": "src\\outputs\\seis\\calibration\\calibrators",
    "feature_columns": "src\\outputs\\lightgbm\\models_mc_1_0\\feature_columns.txt",
    "test_start_year": 2025,
    "max_events": 500,
    "sample_mode": "balanced",
    "sampled_rows": 500,
    "candidate_rows": 29720,
    "minimum_magnitude": 1.0
  },
  "metrics": {
    "classification": {
      "aftershock_24h": {
        "count": 500,
        "positive_rate": 0.5,
        "predicted_positive_rate_at_0_5": 0.45,
        "brier": 0.06848437889690492,
        "precision_at_0_5": 0.9555555555555556,
        "recall_at_0_5": 0.86,
        "roc_auc": 0.9721119999999999,
        "average_precision": 0.9676334410749934
      },
      "aftershock_dist_0_10km_24h": {
        "count": 500,
        "positive_rate": 0.404,
        "predicted_positive_rate_at_0_5": 0.318,
        "brier": 0.09736723272057415,
        "precision_at_0_5": 0.9119496855345912,
        "recall_at_0_5": 0.7178217821782178,
        "roc_auc": 0.9536597116087446,
        "average_precision": 0.9283168996170298
      },
      "aftershock_dist_10_25km_24h": {
        "count": 500,
        "positive_rate": 0.4,
        "predicted_positive_rate_at_0_5": 0.366,
        "brier": 0.07501920536808152,
        "precision_at_0_5": 0.9180327868852459,
        "recall_at_0_5": 0.84,
        "roc_auc": 0.9643916666666668,
        "average_precision": 0.9301681306905334
      },
      "aftershock_dist_25_50km_24h": {
        "count": 500,
        "positive_rate": 0.368,
        "predicted_positive_rate_at_0_5": 0.374,
        "brier": 0.049225174164446626,
        "precision_at_0_5": 0.9144385026737968,
        "recall_at_0_5": 0.9293478260869565,
        "roc_auc": 0.9793959823885525,
        "average_precision": 0.9563773185715879
      },
      "aftershock_dist_50_100km_24h": {
        "count": 500,
        "positive_rate": 0.228,
        "predicted_positive_rate_at_0_5": 0.242,
        "brier": 0.10199828337533838,
        "precision_at_0_5": 0.6776859504132231,
        "recall_at_0_5": 0.7192982456140351,
        "roc_auc": 0.9150418143805109,
        "average_precision": 0.762799968907577
      },
      "aftershock_dist_100_200km_24h": {
        "count": 500,
        "positive_rate": 0.12,
        "predicted_positive_rate_at_0_5": 0.126,
        "brier": 0.06640582832398442,
        "precision_at_0_5": 0.6825396825396826,
        "recall_at_0_5": 0.7166666666666667,
        "roc_auc": 0.9271780303030304,
        "average_precision": 0.6284034104811231
      },
      "aftershock_dist_200_pluskm_24h": {
        "count": 500,
        "positive_rate": 0.086,
        "predicted_positive_rate_at_0_5": 0.04,
        "brier": 0.049015685243825435,
        "precision_at_0_5": 0.9,
        "recall_at_0_5": 0.4186046511627907,
        "roc_auc": 0.9047376723830848,
        "average_precision": 0.6300148274784014
      }
    },
    "regression": {
      "max_aftershock_mag_24h": {
        "count": 250,
        "mae": 0.6935071001322349,
        "rmse": 0.8685325375342856,
        "r2": 0.42793425896700754,
        "actual_mean": 3.86,
        "predicted_mean": 3.6136256900361037
      },
      "max_aftershock_distance_km_24h": {
        "count": 250,
        "mae": 80.9492190539566,
        "rmse": 121.32423446822763,
        "r2": 0.430918764971724,
        "actual_mean": 112.88132314759117,
        "predicted_mean": 133.41602452158313
      }
    }
  }
}