components,bic,aic
1,191863.6692687176,191845.82673007104
2,178840.3669381107,178795.76059149427
3,178384.6411643183,178313.27100973198
