component,weight,mean_log10_eta,sigma_log10_eta
left_low_eta,0.33433252518496104,-6.6280364229791155,1.0524753526950585
right_high_eta,0.6656674748150391,-4.294895155970985,0.6637593412525011
