{
  "config": {
    "labeled_csv": "src\\lightgbm\\dataset\\lightgbm_training_dataset_mc_1_0.csv",
    "historical_csv": "dataset\\phivolcs_earthquake_2018_2026.csv",
    "models_dir": "outputs\\lightgbm_models_mc_1_0",
    "feature_columns": "outputs\\lightgbm_models_mc_1_0\\feature_columns.txt",
    "test_start_year": 2025,
    "max_events": 500,
    "sample_mode": "chronological",
    "sampled_rows": 500,
    "candidate_rows": 27798,
    "minimum_magnitude": 1.0
  },
  "metrics": {
    "classification": {
      "aftershock_24h": {
        "count": 500,
        "positive_rate": 0.33,
        "predicted_positive_rate_at_0_5": 0.318,
        "brier": 0.05380140455147341,
        "precision_at_0_5": 0.9056603773584906,
        "recall_at_0_5": 0.8727272727272727,
        "roc_auc": 0.980171867933062,
        "average_precision": 0.9633768955370693
      },
      "aftershock_dist_0_10km_24h": {
        "count": 500,
        "positive_rate": 0.262,
        "predicted_positive_rate_at_0_5": 0.164,
        "brier": 0.08402111195020645,
        "precision_at_0_5": 0.9390243902439024,
        "recall_at_0_5": 0.5877862595419847,
        "roc_auc": 0.9596599019425309,
        "average_precision": 0.9180016286832703
      },
      "aftershock_dist_10_25km_24h": {
        "count": 500,
        "positive_rate": 0.272,
        "predicted_positive_rate_at_0_5": 0.24,
        "brier": 0.05458900073210162,
        "precision_at_0_5": 0.9166666666666666,
        "recall_at_0_5": 0.8088235294117647,
        "roc_auc": 0.9815570458952813,
        "average_precision": 0.9519879304725283
      },
      "aftershock_dist_25_50km_24h": {
        "count": 500,
        "positive_rate": 0.248,
        "predicted_positive_rate_at_0_5": 0.098,
        "brier": 0.09879546943272621,
        "precision_at_0_5": 0.9387755102040817,
        "recall_at_0_5": 0.3709677419354839,
        "roc_auc": 0.9715382635552504,
        "average_precision": 0.9050161600120745
      },
      "aftershock_dist_50_100km_24h": {
        "count": 500,
        "positive_rate": 0.17,
        "predicted_positive_rate_at_0_5": 0.114,
        "brier": 0.0545636728873544,
        "precision_at_0_5": 0.8596491228070176,
        "recall_at_0_5": 0.5764705882352941,
        "roc_auc": 0.972360028348689,
        "average_precision": 0.8793837889887838
      },
      "aftershock_dist_100_200km_24h": {
        "count": 500,
        "positive_rate": 0.11,
        "predicted_positive_rate_at_0_5": 0.082,
        "brier": 0.049925005886630305,
        "precision_at_0_5": 0.8292682926829268,
        "recall_at_0_5": 0.6181818181818182,
        "roc_auc": 0.9678855975485189,
        "average_precision": 0.8164278539289881
      },
      "aftershock_dist_200_pluskm_24h": {
        "count": 500,
        "positive_rate": 0.064,
        "predicted_positive_rate_at_0_5": 0.03,
        "brier": 0.037529397618765205,
        "precision_at_0_5": 0.8666666666666667,
        "recall_at_0_5": 0.40625,
        "roc_auc": 0.9315571581196581,
        "average_precision": 0.6508772122449038
      }
    },
    "regression": {
      "max_aftershock_mag_24h": {
        "count": 165,
        "mae": 0.909359558655501,
        "rmse": 1.0880251617281202,
        "r2": -0.0033673250031782676,
        "actual_mean": 4.007272727272728,
        "predicted_mean": 3.2735934520020735
      }
    }
  }
}