{
  "config": {
    "model_family": "xgboost",
    "labeled_csv": "src\\training_set\\training_dataset_mc_1_0.csv",
    "historical_csv": "dataset\\phivolcs_earthquake_2018_2026.csv",
    "models_dir": "src\\outputs\\xgboost\\models_mc_1_0",
    "feature_columns": "src\\outputs\\xgboost\\models_mc_1_0\\feature_columns.txt",
    "test_start_year": 2025,
    "max_events": 500,
    "sample_mode": "balanced",
    "sampled_rows": 500,
    "candidate_rows": 29720,
    "minimum_magnitude": 1.0
  },
  "metrics": {
    "classification": {
      "aftershock_24h": {
        "count": 500,
        "positive_rate": 0.5,
        "predicted_positive_rate_at_0_5": 0.506,
        "brier": 0.06936599279144683,
        "precision_at_0_5": 0.9090909090909091,
        "recall_at_0_5": 0.92,
        "roc_auc": 0.967264,
        "average_precision": 0.9606449358788215
      },
      "aftershock_dist_0_10km_24h": {
        "count": 500,
        "positive_rate": 0.404,
        "predicted_positive_rate_at_0_5": 0.234,
        "brier": 0.12785651465015538,
        "precision_at_0_5": 0.9487179487179487,
        "recall_at_0_5": 0.5495049504950495,
        "roc_auc": 0.9536514054089973,
        "average_precision": 0.9321264367052428
      },
      "aftershock_dist_10_25km_24h": {
        "count": 500,
        "positive_rate": 0.4,
        "predicted_positive_rate_at_0_5": 0.206,
        "brier": 0.13667119825697815,
        "precision_at_0_5": 0.912621359223301,
        "recall_at_0_5": 0.47,
        "roc_auc": 0.9516333333333333,
        "average_precision": 0.9073556434247542
      },
      "aftershock_dist_25_50km_24h": {
        "count": 500,
        "positive_rate": 0.368,
        "predicted_positive_rate_at_0_5": 0.132,
        "brier": 0.1625127362972628,
        "precision_at_0_5": 0.9545454545454546,
        "recall_at_0_5": 0.3423913043478261,
        "roc_auc": 0.9553522289488168,
        "average_precision": 0.9149338620476571
      },
      "aftershock_dist_50_100km_24h": {
        "count": 500,
        "positive_rate": 0.228,
        "predicted_positive_rate_at_0_5": 0.162,
        "brier": 0.09814695845865527,
        "precision_at_0_5": 0.7037037037037037,
        "recall_at_0_5": 0.5,
        "roc_auc": 0.9146213980547222,
        "average_precision": 0.7562227994749936
      },
      "aftershock_dist_100_200km_24h": {
        "count": 500,
        "positive_rate": 0.12,
        "predicted_positive_rate_at_0_5": 0.068,
        "brier": 0.06456711827474416,
        "precision_at_0_5": 0.7647058823529411,
        "recall_at_0_5": 0.43333333333333335,
        "roc_auc": 0.9359090909090909,
        "average_precision": 0.6888175591572325
      },
      "aftershock_dist_200_pluskm_24h": {
        "count": 500,
        "positive_rate": 0.086,
        "predicted_positive_rate_at_0_5": 0.062,
        "brier": 0.054188570879062405,
        "precision_at_0_5": 0.6774193548387096,
        "recall_at_0_5": 0.4883720930232558,
        "roc_auc": 0.8986820009159839,
        "average_precision": 0.6084436528610697
      }
    },
    "regression": {
      "max_aftershock_mag_24h": {
        "count": 250,
        "mae": 0.7864634574890137,
        "rmse": 0.9727644598566425,
        "r2": 0.2823889049625481,
        "actual_mean": 3.86,
        "predicted_mean": 3.3655889587402346
      }
    }
  }
}