{
  "source": "2025 backtest (production inference path, natural prevalence, Path B)",
  "evaluation_rows": 21753,
  "test_start_year": 2025,
  "test_end_year": 2025,
  "families": [
    "xgboost",
    "lightgbm",
    "random_forest",
    "catboost"
  ],
  "scoring": {
    "method": "per-target min-max normalization across families (1=best), weighted sum",
    "classification_weights": {
      "brier": 0.5,
      "ece": 0.25,
      "average_precision": 0.15,
      "roc_auc": 0.1
    },
    "regression_weights": {
      "rmse": 0.5,
      "mae": 0.3,
      "r2": 0.2
    },
    "lower_is_better": [
      "brier",
      "ece",
      "mae",
      "rmse"
    ]
  },
  "classification": {
    "aftershock_24h": {
      "prevalence": 0.3439525582678251,
      "count": 21753,
      "pick": "catboost",
      "pick_score": 0.957471,
      "raw_winner": "lightgbm",
      "raw_winner_score": 0.999973,
      "scores": {
        "xgboost": 0.946222,
        "lightgbm": 0.999973,
        "random_forest": 0.0,
        "catboost": 0.957471
      },
      "families": {
        "xgboost": {
          "brier": 0.039518761045387235,
          "ece": 0.007831375428362585,
          "roc_auc": 0.9840451128442035,
          "average_precision": 0.9776211321714618
        },
        "lightgbm": {
          "brier": 0.03919301506926422,
          "ece": 0.007762335976992772,
          "roc_auc": 0.9841462220655571,
          "average_precision": 0.9778770712191514
        },
        "random_forest": {
          "brier": 0.043149313230786114,
          "ece": 0.027194685261336865,
          "roc_auc": 0.9800332982373074,
          "average_precision": 0.9737209564070922
        },
        "catboost": {
          "brier": 0.039458674004301954,
          "ece": 0.008015190525827522,
          "roc_auc": 0.984147336552158,
          "average_precision": 0.9777190786628756
        }
      }
    },
    "aftershock_within_10km_24h": {
      "prevalence": 0.28198409414793363,
      "count": 21753,
      "pick": "catboost",
      "pick_score": 0.931163,
      "raw_winner": "lightgbm",
      "raw_winner_score": 0.999045,
      "scores": {
        "xgboost": 0.982725,
        "lightgbm": 0.999045,
        "random_forest": 0.0,
        "catboost": 0.931163
      },
      "families": {
        "xgboost": {
          "brier": 0.04598704619817892,
          "ece": 0.007930246072556737,
          "roc_auc": 0.9782977739421941,
          "average_precision": 0.9599451778678357
        },
        "lightgbm": {
          "brier": 0.04584552303461205,
          "ece": 0.007188735678543225,
          "roc_auc": 0.9782570983945152,
          "average_precision": 0.9599922138003232
        },
        "random_forest": {
          "brier": 0.05282099846216651,
          "ece": 0.03822191620299641,
          "roc_auc": 0.9740374200008421,
          "average_precision": 0.9538940519613794
        },
        "catboost": {
          "brier": 0.04644199123034758,
          "ece": 0.007372838879480781,
          "roc_auc": 0.9781747035334998,
          "average_precision": 0.9591095913206021
        }
      }
    },
    "aftershock_within_25km_24h": {
      "prevalence": 0.32174872431388774,
      "count": 21753,
      "pick": "catboost",
      "pick_score": 0.962819,
      "raw_winner": "lightgbm",
      "raw_winner_score": 0.996977,
      "scores": {
        "xgboost": 0.96096,
        "lightgbm": 0.996977,
        "random_forest": 0.0,
        "catboost": 0.962819
      },
      "families": {
        "xgboost": {
          "brier": 0.04285694580294585,
          "ece": 0.006449140282534572,
          "roc_auc": 0.9815383345590357,
          "average_precision": 0.9715303984293466
        },
        "lightgbm": {
          "brier": 0.04268865046668231,
          "ece": 0.005796750137740002,
          "roc_auc": 0.981536838382942,
          "average_precision": 0.9716688478775587
        },
        "random_forest": {
          "brier": 0.04629971988521905,
          "ece": 0.026439821451334583,
          "roc_auc": 0.9774731466411583,
          "average_precision": 0.9673861283927603
        },
        "catboost": {
          "brier": 0.04285202593307472,
          "ece": 0.006870074146233717,
          "roc_auc": 0.9816635146255231,
          "average_precision": 0.9716242867256548
        }
      }
    },
    "aftershock_within_50km_24h": {
      "prevalence": 0.3337470693697421,
      "count": 21753,
      "pick": "catboost",
      "pick_score": 0.931211,
      "raw_winner": "lightgbm",
      "raw_winner_score": 0.999391,
      "scores": {
        "xgboost": 0.937701,
        "lightgbm": 0.999391,
        "random_forest": 0.0,
        "catboost": 0.931211
      },
      "families": {
        "xgboost": {
          "brier": 0.04054465713479959,
          "ece": 0.006471650077535319,
          "roc_auc": 0.9830730195768491,
          "average_precision": 0.9753258380516555
        },
        "lightgbm": {
          "brier": 0.040200542622512,
          "ece": 0.005661027081602813,
          "roc_auc": 0.9831419898919569,
          "average_precision": 0.9755513327341878
        },
        "random_forest": {
          "brier": 0.044261930354158624,
          "ece": 0.02654419054917869,
          "roc_auc": 0.9790159123080032,
          "average_precision": 0.9713024067327485
        },
        "catboost": {
          "brier": 0.040587771806741134,
          "ece": 0.0071043841505437294,
          "roc_auc": 0.9831672609499523,
          "average_precision": 0.975442606374029
        }
      }
    },
    "aftershock_beyond_50km_24h": {
      "prevalence": 0.010205488898083023,
      "count": 21753,
      "pick": "catboost",
      "pick_score": 0.924358,
      "raw_winner": "catboost",
      "raw_winner_score": 0.924358,
      "scores": {
        "xgboost": 0.716172,
        "lightgbm": 0.201085,
        "random_forest": 0.118419,
        "catboost": 0.924358
      },
      "families": {
        "xgboost": {
          "brier": 0.006664168314763229,
          "ece": 0.0018617423574698695,
          "roc_auc": 0.9745709203700009,
          "average_precision": 0.5017263476375167
        },
        "lightgbm": {
          "brier": 0.006785897051018078,
          "ece": 0.003111668318989353,
          "roc_auc": 0.9761328836151184,
          "average_precision": 0.4916790583093421
        },
        "random_forest": {
          "brier": 0.0068487296660191335,
          "ece": 0.0025726455104294467,
          "roc_auc": 0.9728920086311754,
          "average_precision": 0.49485383888217593
        },
        "catboost": {
          "brier": 0.006593086375947153,
          "ece": 0.0012142735068639253,
          "roc_auc": 0.9770366716165796,
          "average_precision": 0.49665970621344746
        }
      }
    }
  },
  "regression": {
    "max_aftershock_mag_24h": {
      "pick": "catboost",
      "pick_score": 1.0,
      "scores": {
        "xgboost": 0.105114,
        "lightgbm": 0.252124,
        "random_forest": 0.0,
        "catboost": 1.0
      },
      "families": {
        "xgboost": {
          "r2": 0.6731645110005688,
          "mae": 0.5065360227105324,
          "rmse": 0.6534365237887162
        },
        "lightgbm": {
          "r2": 0.6782801469424378,
          "mae": 0.49967727194582995,
          "rmse": 0.6483025542073935
        },
        "random_forest": {
          "r2": 0.6701924974711273,
          "mae": 0.5134684363899293,
          "rmse": 0.6564007479409377
        },
        "catboost": {
          "r2": 0.7053164437557935,
          "mae": 0.4691705574173561,
          "rmse": 0.6204642352144771
        }
      }
    },
    "nearest_aftershock_distance_km_24h": {
      "pick": "lightgbm",
      "pick_score": 1.0,
      "scores": {
        "xgboost": 0.731636,
        "lightgbm": 1.0,
        "random_forest": 0.0,
        "catboost": 0.821945
      },
      "families": {
        "xgboost": {
          "r2": 0.40117956002374355,
          "mae": 6.178116927611356,