{
  "source": "2025 backtest (production inference path, natural prevalence, Path B)",
  "evaluation_rows": 21753,
  "test_start_year": 2025,
  "test_end_year": 2025,
  "families": [
    "xgboost",
    "lightgbm",
    "random_forest",
    "catboost"
  ],
  "scoring": {
    "method": "per-target min-max normalization across families (1=best), weighted sum",
    "classification_weights": {
      "brier": 0.5,
      "ece": 0.25,
      "average_precision": 0.15,
      "roc_auc": 0.1
    },
    "regression_weights": {
      "rmse": 0.5,
      "mae": 0.3,
      "r2": 0.2
    },
    "lower_is_better": [
      "brier",
      "ece",
      "mae",
      "rmse"
    ]
  },
  "classification": {
    "aftershock_24h": {
      "prevalence": 0.3439525582678251,
      "count": 21753,
      "pick": "lightgbm",
      "pick_score": 0.980333,
      "scores": {
        "xgboost": 0.893277,
        "lightgbm": 0.980333,
        "random_forest": 0.0,
        "catboost": 0.960443
      },
      "families": {
        "xgboost": {
          "brier": 0.039878548292500274,
          "ece": 0.008885383684565335,
          "roc_auc": 0.9840048695759414,
          "average_precision": 0.9773717240234716
        },
        "lightgbm": {
          "brier": 0.039295684392191714,
          "ece": 0.00742219839245056,
          "roc_auc": 0.9838118948162154,
          "average_precision": 0.9776815279801646
        },
        "random_forest": {
          "brier": 0.0438409518132707,
          "ece": 0.030739782344153706,
          "roc_auc": 0.9801340656203341,
          "average_precision": 0.9739002405168437
        },
        "catboost": {
          "brier": 0.03943384784445597,
          "ece": 0.009694096790880704,
          "roc_auc": 0.984387868983802,
          "average_precision": 0.9778425467731566
        }
      }
    },
    "aftershock_within_10km_24h": {
      "prevalence": 0.28198409414793363,
      "count": 21753,
      "pick": "lightgbm",
      "pick_score": 0.992588,
      "scores": {
        "xgboost": 0.966157,
        "lightgbm": 0.992588,
        "random_forest": 0.0,
        "catboost": 0.917223
      },
      "families": {
        "xgboost": {
          "brier": 0.046146345986280625,
          "ece": 0.00951358315075248,
          "roc_auc": 0.9780361018918189,
          "average_precision": 0.9595614611956669
        },
        "lightgbm": {
          "brier": 0.04580866712495282,
          "ece": 0.010387359877610186,
          "roc_auc": 0.9781148331353761,
          "average_precision": 0.9599901445133115
        },
        "random_forest": {
          "brier": 0.0531544640432147,
          "ece": 0.03898590279147159,
          "roc_auc": 0.973649974188719,
          "average_precision": 0.9529202092502413
        },
        "catboost": {
          "brier": 0.04636400224209569,
          "ece": 0.011178245539059703,
          "roc_auc": 0.977806254256346,
          "average_precision": 0.958861497133084
        }
      }
    },
    "aftershock_within_25km_24h": {
      "prevalence": 0.32174872431388774,
      "count": 21753,
      "pick": "catboost",
      "pick_score": 1.0,
      "scores": {
        "xgboost": 0.939643,
        "lightgbm": 0.968308,
        "random_forest": 0.0,
        "catboost": 1.0
      },
      "families": {
        "xgboost": {
          "brier": 0.04335748206921011,
          "ece": 0.009112775781945203,
          "roc_auc": 0.9815296819160614,
          "average_precision": 0.9713069850801759
        },
        "lightgbm": {
          "brier": 0.043162481503657174,
          "ece": 0.008686080250340211,
          "roc_auc": 0.9814729531163489,
          "average_precision": 0.9713629375551671
        },
        "random_forest": {
          "brier": 0.04711376678059457,
          "ece": 0.031463968361491255,
          "roc_auc": 0.9777139002583746,
          "average_precision": 0.9673662029291565
        },
        "catboost": {
          "brier": 0.04295539343442394,
          "ece": 0.008477944643753675,
          "roc_auc": 0.9815384943448321,
          "average_precision": 0.9714393544023364
        }
      }
    },
    "aftershock_within_50km_24h": {
      "prevalence": 0.3337470693697421,
      "count": 21753,
      "pick": "lightgbm",
      "pick_score": 0.982386,
      "scores": {
        "xgboost": 0.95752,
        "lightgbm": 0.982386,
        "random_forest": 0.0,
        "catboost": 0.981193
      },
      "families": {
        "xgboost": {
          "brier": 0.04080900507823373,
          "ece": 0.007463028781810325,
          "roc_auc": 0.9831034655468707,
          "average_precision": 0.9752186400343575
        },
        "lightgbm": {
          "brier": 0.040618024594629216,
          "ece": 0.0069586769309626885,
          "roc_auc": 0.9830110441841496,
          "average_precision": 0.975260644131219
        },
        "random_forest": {
          "brier": 0.04526244584222174,
          "ece": 0.03298089480892543,
          "roc_auc": 0.9788380027291602,
          "average_precision": 0.9711924614513852
        },
        "catboost": {
          "brier": 0.04061856115536774,
          "ece": 0.008910215966825907,
          "roc_auc": 0.9834481793148359,
          "average_precision": 0.975493848623926
        }
      }
    },
    "aftershock_within_100km_24h": {
      "prevalence": 0.3394934032087528,
      "count": 21753,
      "pick": "lightgbm",
      "pick_score": 0.982563,
      "scores": {
        "xgboost": 0.959389,
        "lightgbm": 0.982563,
        "random_forest": 0.0,
        "catboost": 0.956045
      },
      "families": {
        "xgboost": {
          "brier": 0.039494607627452716,
          "ece": 0.007603020443926566,
          "roc_auc": 0.9838093623383342,
          "average_precision": 0.9769732161124152
        },
        "lightgbm": {
          "brier": 0.03919181512937403,
          "ece": 0.0075290671438701775,
          "roc_auc": 0.9834498878874743,
          "average_precision": 0.9769990298702752
        },
        "random_forest": {
          "brier": 0.044337976637808675,
          "ece": 0.0316128889402108,
          "roc_auc": 0.9794630228462256,
          "average_precision": 0.9727241727383643
        },
        "catboost": {
          "brier": 0.03950285420626627,
          "ece": 0.008852208504146442,
          "roc_auc": 0.9840196581435009,
          "average_precision": 0.9771443890823469
        }
      }
    },
    "aftershock_within_200km_24h": {
      "prevalence": 0.3421597021100538,
      "count": 21753,
      "pick": "lightgbm",
      "pick_score": 0.987236,
      "scores": {
        "xgboost": 0.916898,
        "lightgbm": 0.987236,
        "random_forest": 0.0,
        "catboost": 0.97052
      },
      "families": {
        "xgboost": {
          "brier": 0.03968816463858696,
          "ece": 0.00849307140937762,
          "roc_auc": 0.9839275207157908,
          "average_precision": 0.9772634681073707
        },
        "lightgbm": {
          "brier": 0.039199072662129776,
          "ece": 0.007363267824283785,
          "roc_auc": 0.9838486919408844,
          "average_precision": 0.9775493956256702
        },
        "random_forest": {
          "brier": 0.044023460318519926,
          "ece": 0.0336387290379358,
          "roc_auc": 0.9800911901332964,
          "average_precision": 0.9736785643736802
        },
        "catboost": {
          "brier": 0.039378975215391354,
          "ece": 0.008502076427423559,
          "roc_auc": 0.9842231473993873,
          "average_precision": 0.9776473219809219
        }
      }
    }
  },
  "regression": {
    "max_aftershock_mag_24h": {
      "pick": "catboost",
      "pick_score": 1.0,
      "scores": {
        "xgboost": 0.105114,
        "lightgbm": 0.252124,
        "random_forest": 0.0,
        "catboost": 1.0
      },
      "families": {
        "xgboost": {
          "r2": 0.6731645110005688,
          "mae": 0.5065360227105324,
          "rmse": 0.6534365237887162
        },