{
  "source": "2025 backtest (production inference path, natural prevalence, Path B)",
  "evaluation_rows": 29720,
  "test_start_year": 2025,
  "test_end_year": null,
  "families": [
    "xgboost",
    "lightgbm",
    "random_forest",
    "catboost"
  ],
  "scoring": {
    "method": "per-target min-max normalization across families (1=best), weighted sum",
    "classification_weights": {
      "brier": 0.5,
      "ece": 0.25,
      "average_precision": 0.15,
      "roc_auc": 0.1
    },
    "regression_weights": {
      "rmse": 0.5,
      "mae": 0.3,
      "r2": 0.2
    },
    "lower_is_better": [
      "brier",
      "ece",
      "mae",
      "rmse"
    ]
  },
  "classification": {
    "aftershock_24h": {
      "prevalence": 0.3184051144010767,
      "count": 29720,
      "pick": "lightgbm",
      "pick_score": 1.0,
      "raw_winner": "lightgbm",
      "raw_winner_score": 1.0,
      "scores": {
        "xgboost": 0.772261,
        "lightgbm": 1.0,
        "random_forest": 0.0,
        "catboost": 0.360384
      },
      "families": {
        "xgboost": {
          "brier": 0.04179729483604413,
          "ece": 0.010751986468778306,
          "roc_auc": 0.9822488123669183,
          "average_precision": 0.9719173542458994
        },
        "lightgbm": {
          "brier": 0.040852857828465816,
          "ece": 0.008275462021209701,
          "roc_auc": 0.9827779346295171,
          "average_precision": 0.9731732996624571
        },
        "random_forest": {
          "brier": 0.044460096551240044,
          "ece": 0.026626052808928415,
          "roc_auc": 0.9793735435717812,
          "average_precision": 0.9692112168653986
        },
        "catboost": {
          "brier": 0.04366803750381948,
          "ece": 0.01565620570604618,
          "roc_auc": 0.9817527326950243,
          "average_precision": 0.9700369711479625
        }
      }
    },
    "aftershock_within_10km_24h": {
      "prevalence": 0.2582772543741588,
      "count": 29720,
      "pick": "lightgbm",
      "pick_score": 1.0,
      "raw_winner": "lightgbm",
      "raw_winner_score": 1.0,
      "scores": {
        "xgboost": 0.880614,
        "lightgbm": 1.0,
        "random_forest": 0.0,
        "catboost": 0.685314
      },
      "families": {
        "xgboost": {
          "brier": 0.04694628507911686,
          "ece": 0.009560171396632226,
          "roc_auc": 0.976535807536001,
          "average_precision": 0.9514118290095337
        },
        "lightgbm": {
          "brier": 0.04583234729450346,
          "ece": 0.007861647233896471,
          "roc_auc": 0.9770178306043651,
          "average_precision": 0.9531959148208158
        },
        "random_forest": {
          "brier": 0.054675060296396225,
          "ece": 0.04188175160579477,
          "roc_auc": 0.9729440344759341,
          "average_precision": 0.9448552767856047
        },
        "catboost": {
          "brier": 0.0486337245689349,
          "ece": 0.011339671735281229,
          "roc_auc": 0.9757722994959439,
          "average_precision": 0.9476269957135623
        }
      }
    },
    "aftershock_within_25km_24h": {
      "prevalence": 0.29636608344549126,
      "count": 29720,
      "pick": "lightgbm",
      "pick_score": 1.0,
      "raw_winner": "lightgbm",
      "raw_winner_score": 1.0,
      "scores": {
        "xgboost": 0.828088,
        "lightgbm": 1.0,
        "random_forest": 0.0,
        "catboost": 0.377596
      },
      "families": {
        "xgboost": {
          "brier": 0.04415664570473579,
          "ece": 0.008578498597607192,
          "roc_auc": 0.9798359487219312,
          "average_precision": 0.9651449445122647
        },
        "lightgbm": {
          "brier": 0.04351980657775558,
          "ece": 0.007276240170582625,
          "roc_auc": 0.9802791960011314,
          "average_precision": 0.9663968959433094
        },
        "random_forest": {
          "brier": 0.04692636225181294,
          "ece": 0.02712086583597349,
          "roc_auc": 0.9769812349331866,
          "average_precision": 0.9625323151383889
        },
        "catboost": {
          "brier": 0.04605697530847825,
          "ece": 0.013746804322635723,
          "roc_auc": 0.9793354353905158,
          "average_precision": 0.9627931199006684
        }
      }
    },
    "aftershock_within_50km_24h": {
      "prevalence": 0.3085127860026918,
      "count": 29720,
      "pick": "lightgbm",
      "pick_score": 1.0,
      "raw_winner": "lightgbm",
      "raw_winner_score": 1.0,
      "scores": {
        "xgboost": 0.784437,
        "lightgbm": 1.0,
        "random_forest": 0.0,
        "catboost": 0.35205
      },
      "families": {
        "xgboost": {
          "brier": 0.04246984179460278,
          "ece": 0.010198149902603959,
          "roc_auc": 0.9812767747944288,
          "average_precision": 0.9693554545145975
        },
        "lightgbm": {
          "brier": 0.041668432956718314,
          "ece": 0.006557735367813736,
          "roc_auc": 0.9817689785678205,
          "average_precision": 0.9705833707936035
        },
        "random_forest": {
          "brier": 0.0453400330600067,
          "ece": 0.026519685986867172,
          "roc_auc": 0.9783101308752995,
          "average_precision": 0.9666312829798304
        },
        "catboost": {
          "brier": 0.044523672394998055,
          "ece": 0.014917499001425225,
          "roc_auc": 0.9807529203659807,
          "average_precision": 0.9672886254226267
        }
      }
    },
    "aftershock_beyond_50km_24h": {
      "prevalence": 0.009892328398384926,
      "count": 29720,
      "pick": "lightgbm",
      "pick_score": 0.4199,
      "raw_winner": "catboost",
      "raw_winner_score": 0.995424,
      "scores": {
        "xgboost": 0.89851,
        "lightgbm": 0.4199,
        "random_forest": 0.054264,
        "catboost": 0.995424
      },
      "families": {
        "xgboost": {
          "brier": 0.006196653642048424,
          "ece": 0.0010784217222032392,
          "roc_auc": 0.975957677300513,
          "average_precision": 0.515076745853477
        },
        "lightgbm": {
          "brier": 0.006341958803719607,
          "ece": 0.002374106881841353,
          "roc_auc": 0.9767032348180216,
          "average_precision": 0.5176600368190184
        },
        "random_forest": {
          "brier": 0.006458306318062143,
          "ece": 0.002087655749598465,
          "roc_auc": 0.9717680486182102,
          "average_precision": 0.508740623156259
        },
        "catboost": {
          "brier": 0.006199048330375524,
          "ece": 0.0010543903030886758,
          "roc_auc": 0.9771457145353893,
          "average_precision": 0.5213867976011183
        }
      }
    }
  },
  "regression": {
    "max_aftershock_mag_24h": {
      "pick": "catboost",
      "pick_score": 1.0,
      "scores": {
        "xgboost": 0.672165,
        "lightgbm": 0.0,
        "random_forest": 0.260193,
        "catboost": 1.0
      },
      "families": {
        "xgboost": {
          "r2": 0.6681069550776655,
          "mae": 0.5082288089519598,
          "rmse": 0.6523296733006978
        },
        "lightgbm": {
          "r2": 0.6250476819143548,
          "mae": 0.5397464715621205,
          "rmse": 0.6933556836269873
        },
        "random_forest": {
          "r2": 0.645664517193546,
          "mae": 0.53418860081256,
          "rmse": 0.6740240308802001
        },
        "catboost": {
          "r2": 0.6876001183921783,
          "mae": 0.4913271088784457,
          "rmse": 0.6328830854446352
        }
      }
    },
    "nearest_aftershock_distance_km_24h": {
      "pick": "lightgbm",
      "pick_score": 1.0,
      "scores": {
        "xgboost": 0.714744,
        "lightgbm": 1.0,
        "random_forest": 0.0,
        "catboost": 0.773358
      },
      "families": {
        "xgboost": {
          "r2": 0.3928005533505514,
          "mae": 6.4338716484464165,
          "rmse": 35.096417934247896
        },